,my_x,my_y,enemy_x,enemy_y,circle_x,circle_y,circle_r
74,-0.069599,-0.214741,0.000278,1.299925,336,145,11
75,-0.069620,-0.214689,0.000281,1.299926,342,147,7
76,-0.069615,-0.214693,0.000282,1.299926,344,144,11
77,-0.069633,-0.214689,0.000285,1.299926,342,143,8
78,-0.069634,-0.214689,0.000288,1.299927,345,145,10
79,-0.069640,-0.214695,0.000290,1.299927,346,146,11
80,-0.069647,-0.214689,0.000293,1.299928,346,144,10
81,-0.069644,-0.214695,0.000295,1.299928,345,145,10
82,-0.069665,-0.214688,0.000297,1.299928,345,146,11
83,-0.069666,-0.214689,0.000299,1.299929,343,145,11
84,-0.069675,-0.214696,0.000302,1.299929,345,145,10
85,-0.069680,-0.214691,0.000304,1.299930,345,145,10
86,-0.069683,-0.214692,0.000307,1.299930,344,146,10
87,-0.069691,-0.214689,0.000309,1.299930,346,144,10
88,-0.069687,-0.214693,0.000312,1.299931,346,144,10
89,-0.069701,-0.214689,0.000314,1.299931,345,145,10
90,-0.069703,-0.214689,0.000316,1.299932,341,144,9
91,-0.069700,-0.214691,0.000319,1.299932,345,143,5
92,-0.069700,-0.214693,0.000321,1.299932,345,145,11
93,-0.069705,-0.214694,0.000324,1.299933,345,145,10
94,-0.069716,-0.215171,0.000325,1.299933,345,145,10
95,-0.069919,-0.219478,0.000328,1.299934,344,146,11
96,-0.070592,-0.225482,0.000330,1.299934,308,144,11
130,-0.460607,-0.648554,0.000411,1.299948,598,160,9
131,-0.461261,-0.649195,0.000413,1.299948,501,165,8
132,-0.461274,-0.649175,0.000416,1.299949,485,165,8
133,-0.461274,-0.648988,0.000419,1.299949,485,164,9
134,-0.461240,-0.648954,0.000421,1.299949,490,165,8
135,-0.461241,-0.648950,0.000424,1.299950,489,164,9
136,-0.461222,-0.648614,0.000426,1.299950,491,163,8
137,-0.461228,-0.648619,0.000428,1.299951,492,166,6
138,-0.461237,-0.648306,0.000430,1.299951,499,164,8
139,-0.461240,-0.648289,0.000433,1.299951,504,164,7
140,-0.461259,-0.648277,0.000435,1.299952,507,163,9
141,-0.461247,-0.648230,0.000437,1.299952,506,164,7
142,-0.461242,-0.648214,0.000440,1.299953,508,163,8
143,-0.461250,-0.647812,0.000443,1.299953,508,164,9
144,-0.461253,-0.647786,0.000445,1.299954,514,166,7
145,-0.461253,-0.647788,0.000447,1.299954,521,164,8
146,-0.461263,-0.647672,0.000450,1.299954,520,164,6
147,-0.461274,-0.647536,0.000452,1.299955,522,164,8
148,-0.461187,-0.649829,0.000454,1.299955,530,163,9
149,-0.461321,-0.655089,0.000456,1.299955,503,163,8
236,0.041421,-1.451644,0.000664,1.299991,49,181,8
298,0.254614,-0.205504,0.000812,1.300017,60,143,11
299,0.256379,-0.169590,0.000815,1.300017,217,145,12
300,0.250851,-0.139338,0.000817,1.300018,444,143,10
301,0.240041,-0.115247,0.000820,1.300018,619,135,13
353,0.387901,-0.171471,0.000943,1.300040,622,140,11
354,0.375361,-0.153116,0.000946,1.300041,608,138,13
355,0.360873,-0.130697,0.000948,1.300041,585,137,10
356,0.343576,-0.101418,0.000950,1.300041,561,136,11
357,0.327308,-0.071901,0.000953,1.300042,538,137,12
358,0.309179,-0.035885,0.000955,1.300042,524,135,12
359,0.295639,-0.006767,0.000957,1.300043,498,133,11
360,0.270632,0.056646,0.000960,1.300043,470,132,13
361,0.269948,0.100651,0.000962,1.300044,430,131,10
362,0.267798,0.149761,0.000964,1.300044,367,128,13
363,0.264740,0.197212,0.000967,1.300044,281,123,13
364,0.265212,0.224641,0.000969,1.300045,219,113,5
365,0.270316,0.263263,0.000972,1.300045,153,113,14
366,0.277109,0.289154,0.000974,1.300046,7,100,16
406,-0.088476,0.290415,0.001069,1.300063,63,90,6
407,-0.101323,0.284338,0.001072,1.300063,149,98,16
408,-0.112993,0.276906,0.001075,1.300064,294,103,16
409,-0.114754,0.278334,0.001077,1.300064,335,104,14
410,-0.114735,0.278323,0.001079,1.300065,409,104,17
411,-0.114726,0.278271,0.001081,1.300065,411,104,16
412,-0.114710,0.278255,0.001084,1.300065,409,105,15
413,-0.114699,0.278197,0.001087,1.300066,411,104,17
414,-0.114687,0.278183,0.001088,1.300066,407,108,14
415,-0.114674,0.278131,0.001091,1.300067,408,105,14
416,-0.114665,0.278111,0.001093,1.300067,411,106,13
417,-0.114644,0.278063,0.001096,1.300068,406,103,15
418,-0.114640,0.278045,0.001097,1.300068,411,105,13
419,-0.114616,0.277996,0.001100,1.300068,407,103,15
420,-0.114617,0.277976,0.001102,1.300069,408,103,16
421,-0.114591,0.277927,0.001105,1.300069,408,106,14
422,-0.114588,0.277905,0.001108,1.300070,405,104,15
423,-0.114564,0.277854,0.001110,1.300070,405,107,14
424,-0.114568,0.277836,0.001112,1.300071,408,106,13
425,-0.114555,0.277831,0.001115,1.300071,401,104,14
426,-0.114570,0.276966,0.001117,1.300071,404,107,14
427,-0.114582,0.276957,0.001119,1.300072,400,103,16
428,-0.114565,0.277363,0.001122,1.300072,390,102,11
429,-0.114559,0.278223,0.001124,1.300073,396,106,13
430,-0.114560,0.281818,0.001127,1.300073,385,105,15
431,-0.114572,0.288636,0.001129,1.300074,389,104,15
432,-0.114592,0.299545,0.001131,1.300074,393,100,13
433,-0.114657,0.320780,0.001133,1.300074,394,104,14
434,-0.114790,0.350079,0.001136,1.300075,399,97,6
435,-0.114740,0.370740,0.001138,1.300075,401,94,15
436,-0.114826,0.406580,0.001141,1.300076,395,93,18
437,-0.114619,0.442781,0.001143,1.300076,403,89,17
438,-0.114198,0.485522,0.001145,1.300077,400,83,19
439,-0.114814,0.537847,0.001148,1.300077,404,75,19
440,-0.118186,0.585745,0.001150,1.300078,436,65,19
441,-0.124450,0.626403,0.001152,1.300078,470,56,23
442,-0.138115,0.680177,0.001155,1.300078,567,34,24
443,-0.153912,0.723481,0.001157,1.300079,561,39,20
466,-0.313826,0.811602,0.001212,1.300089,465,5,17
467,-0.323846,0.788197,0.001214,1.300089,407,5,28
468,-0.340954,0.751325,0.001216,1.300090,379,18,24
469,-0.362585,0.709673,0.001219,1.300090,364,23,22
470,-0.371847,0.689346,0.001221,1.300090,324,37,23
471,-0.371502,0.689075,0.001224,1.300091,322,45,20
472,-0.371502,0.689070,0.001226,1.300091,306,46,20
473,-0.371517,0.689084,0.001228,1.300092,302,53,21
474,-0.371514,0.689077,0.001231,1.300092,304,45,20
475,-0.371520,0.689085,0.001233,1.300093,301,50,24
476,-0.371522,0.689081,0.001236,1.300093,305,46,20
477,-0.371532,0.689091,0.001238,1.300093,304,48,23
478,-0.371522,0.689080,0.001240,1.300094,306,53,21
479,-0.371543,0.689098,0.001243,1.300094,304,48,22
480,-0.371528,0.689083,0.001245,1.300095,304,45,20
481,-0.371547,0.689099,0.001248,1.300095,301,50,24
482,-0.371538,0.689088,0.001251,1.300096,303,50,22
483,-0.371558,0.689104,0.001252,1.300096,307,52,21
484,-0.371533,0.689086,0.001254,1.300097,307,54,19
485,-0.371566,0.689110,0.001257,1.300097,303,48,22
486,-0.371545,0.689093,0.001260,1.300097,302,50,23
487,-0.371571,0.689113,0.001262,1.300098,302,51,22
488,-0.371546,0.689093,0.001264,1.300098,302,53,21
489,-0.371578,0.689115,0.001267,1.300099,307,54,19
490,-0.371557,0.689102,0.001269,1.300099,300,50,19
491,-0.371581,0.689116,0.001271,1.300100,303,48,22
492,-0.371559,0.689101,0.001274,1.300100,305,46,20
493,-0.371584,0.689117,0.001276,1.300100,303,51,23
494,-0.371578,0.689116,0.001278,1.300101,306,51,21
495,-0.371583,0.689116,0.001281,1.300101,307,54,19
496,-0.371587,0.689122,0.001283,1.300102,302,47,21
497,-0.371593,0.689121,0.001286,1.300102,302,50,23
498,-0.371588,0.689119,0.001288,1.300103,303,51,23
499,-0.371594,0.689121,0.001290,1.300103,307,50,21
500,-0.371605,0.689131,0.001293,1.300104,304,49,23
501,-0.371604,0.689127,0.001295,1.300104,304,45,19
502,-0.371607,0.689132,0.001298,1.300104,306,49,23
503,-0.371609,0.689129,0.001300,1.300105,307,47,21
504,-0.371625,0.689143,0.001302,1.300105,302,53,21
505,-0.371613,0.689130,0.001304,1.300106,302,49,24
506,-0.371629,0.689145,0.001307,1.300106,307,52,20
507,-0.371622,0.689136,0.001310,1.300107,307,48,25
508,-0.371642,0.689153,0.001312,1.300107,301,54,20
509,-0.371627,0.689138,0.001314,1.300108,306,51,23
510,-0.371649,0.689156,0.001316,1.300108,303,47,22
511,-0.371624,0.689135,0.001319,1.300108,304,45,20
512,-0.371652,0.689157,0.001322,1.300109,305,54,20
513,-0.371640,0.689144,0.001324,1.300109,304,45,20
514,-0.371662,0.689162,0.001326,1.300110,302,47,21
515,-0.371634,0.689141,0.001328,1.300110,302,47,21
516,-0.371670,0.689166,0.001331,1.300111,305,44,18
517,-0.371638,0.689142,0.001333,1.300111,301,51,21
518,-0.371648,0.689146,0.001335,1.300111,307,47,19
519,-0.371672,0.689167,0.001338,1.300112,307,52,21
520,-0.371668,0.689178,0.001340,1.300112,301,54,20
521,-0.371241,0.689877,0.001343,1.300113,304,45,19
522,-0.367908,0.694619,0.001345,1.300113,296,50,24
523,-0.361998,0.702121,0.001347,1.300114,237,47,23
524,-0.348106,0.718172,0.001350,1.300114,162,45,27
525,-0.339112,0.727639,0.001352,1.300114,144,38,23
526,-0.317372,0.747117,0.001355,1.300115,116,25,12
527,-0.299938,0.760722,0.001357,1.300115,9,18,21
628,-0.154582,0.673418,0.001597,1.300160,639,17,13
629,-0.147879,0.640776,0.001600,1.300161,638,18,27
630,-0.142530,0.614716,0.001602,1.300161,621,21,21
631,-0.135783,0.581815,0.001605,1.300162,613,32,24
632,-0.128869,0.548035,0.001607,1.300162,604,41,26
633,-0.123069,0.519669,0.001610,1.300163,590,44,26
634,-0.118392,0.496800,0.001612,1.300163,587,51,18
635,-0.112215,0.466536,0.001614,1.300164,569,64,19
636,-0.108386,0.447760,0.001616,1.300164,559,68,20
637,-0.099124,0.402297,0.001619,1.300165,557,75,19
638,-0.093608,0.375198,0.001622,1.300165,550,79,17
639,-0.087797,0.346604,0.001624,1.300166,541,82,19
640,-0.081626,0.316205,0.001627,1.300166,532,93,13
641,-0.076335,0.290152,0.001629,1.300166,529,91,18
642,-0.065429,0.282495,0.001631,1.300167,517,97,17
643,-0.058965,0.278151,0.001634,1.300167,457,97,12
644,-0.059021,0.278117,0.001636,1.300168,418,108,11
645,-0.059181,0.277817,0.001638,1.300168,348,101,14
646,-0.059209,0.277797,0.001641,1.300169,353,103,16
647,-0.059220,0.277787,0.001643,1.300169,350,105,13
648,-0.059283,0.277607,0.001646,1.300170,356,104,15
649,-0.059321,0.277583,0.001648,1.300170,354,100,5
650,-0.059334,0.277558,0.001650,1.300170,355,103,16
651,-0.059336,0.277549,0.001652,1.300171,356,103,15
652,-0.059368,0.277486,0.001654,1.300171,354,106,12
653,-0.059412,0.277462,0.001657,1.300172,358,104,16
654,-0.059422,0.277456,0.001660,1.300172,355,106,13
655,-0.059452,0.277424,0.001662,1.300173,358,107,14
656,-0.059496,0.277405,0.001664,1.300173,360,101,13
657,-0.059505,0.277400,0.001666,1.300174,360,105,16
658,-0.059504,0.277476,0.001669,1.300174,357,103,13
659,-0.059497,0.278843,0.001671,1.300175,361,101,11
660,-0.059431,0.280980,0.001674,1.300175,351,105,16
661,-0.059261,0.283505,0.001676,1.300175,324,108,11
662,-0.059032,0.285682,0.001679,1.300176,307,104,14
663,-0.058721,0.287853,0.001681,1.300176,274,105,15
664,-0.057639,0.292947,0.001684,1.300177,269,106,12
665,-0.055883,0.299187,0.001686,1.300177,194,104,14
666,-0.051920,0.310690,0.001688,1.300178,141,98,17
667,-0.046254,0.324732,0.001690,1.300178,114,97,14
668,-0.037083,0.344673,0.001693,1.300179,52,90,18
669,-0.021925,0.372897,0.001696,1.300179,7,82,6
978,0.635383,0.008037,0.002430,1.300324,605,131,5
979,0.635062,0.008387,0.002433,1.300324,551,138,11
980,0.634748,0.008769,0.002435,1.300325,507,137,12
981,0.634534,0.009059,0.002437,1.300325,476,137,11
982,0.634173,0.009614,0.002440,1.300326,420,141,9
983,0.633875,0.010159,0.002443,1.300327,386,139,11
984,0.633691,0.010553,0.002445,1.300327,353,138,5
985,0.633500,0.011030,0.002447,1.300328,294,139,11
986,0.633372,0.011405,0.002449,1.300328,264,137,7
987,0.633227,0.011926,0.002452,1.300328,220,140,13
988,0.633114,0.012456,0.002454,1.300329,200,140,19
989,0.633036,0.012981,0.002457,1.300329,122,136,9
999,0.633250,0.010839,0.002481,1.300334,130,138,8
1001,0.633591,0.009859,0.002485,1.300335,206,138,13
1002,0.633786,0.009421,0.002487,1.300336,252,140,11
1003,0.634055,0.008901,0.002490,1.300336,295,139,11
1004,0.634309,0.008475,0.002492,1.300337,348,140,11
1005,0.634573,0.008082,0.002494,1.300337,373,141,11
1006,0.634955,0.007584,0.002497,1.300338,428,140,11
1007,0.635274,0.007218,0.002499,1.300338,460,139,9
1008,0.635620,0.006864,0.002501,1.300339,517,137,11
1009,0.636095,0.006435,0.002504,1.300339,569,134,13
1010,0.636178,0.006316,0.002506,1.300339,607,133,13
1017,0.631933,0.009227,0.002523,1.300343,608,132,13
1018,0.631618,0.009562,0.002525,1.300343,564,135,12
1019,0.631152,0.010127,0.002528,1.300344,527,136,13
1020,0.630984,0.010355,0.002530,1.300344,483,138,12
1021,0.630827,0.010584,0.002532,1.300345,439,139,11
1022,0.630819,0.010591,0.002535,1.300345,442,139,11
1023,0.630811,0.010598,0.002537,1.300346,442,138,11
1024,0.630803,0.010605,0.002539,1.300346,445,135,8
1025,0.630790,0.010617,0.002543,1.300347,445,140,9
1026,0.630785,0.010622,0.002545,1.300347,443,139,11
1027,0.630777,0.010629,0.002547,1.300348,445,137,8
1028,0.630771,0.010635,0.002549,1.300348,443,139,11
1029,0.630762,0.010643,0.002552,1.300349,443,139,12
1030,0.630751,0.010653,0.002555,1.300349,441,135,8
1031,0.630744,0.010660,0.002557,1.300350,444,139,11
1032,0.630737,0.010667,0.002559,1.300350,445,139,11
1033,0.630726,0.010677,0.002562,1.300351,443,137,11
1034,0.630720,0.010682,0.002564,1.300351,445,135,8
1035,0.630713,0.010688,0.002566,1.300352,445,139,11
1036,0.630704,0.010697,0.002569,1.300352,445,139,11
1037,0.630697,0.010703,0.002571,1.300353,445,139,11
1038,0.630687,0.010712,0.002573,1.300353,446,138,11
1039,0.630680,0.010720,0.002576,1.300354,446,139,11
1040,0.630674,0.010725,0.002577,1.300354,445,138,11
1041,0.630664,0.010734,0.002580,1.300355,446,139,11
1042,0.630657,0.010740,0.002582,1.300355,446,138,11
1043,0.630648,0.010749,0.002585,1.300356,446,140,12
1044,0.630640,0.010756,0.002587,1.300356,445,137,11
1045,0.630631,0.010765,0.002590,1.300357,448,140,9
1046,0.630623,0.010771,0.002592,1.300357,445,140,10
1047,0.630614,0.010780,0.002595,1.300358,446,140,9
1048,0.631729,0.009286,0.002597,1.300358,449,140,10
1049,0.636609,0.003420,0.002599,1.300359,466,136,10
1050,0.647028,-0.007449,0.002602,1.300359,516,138,11
1051,0.661532,-0.021619,0.002604,1.300360,557,134,11
1052,0.676766,-0.036366,0.002606,1.300360,585,136,7
1053,0.694495,-0.052860,0.002608,1.300360,584,135,10
1064,0.934355,-0.271037,0.002635,1.300366,559,153,8
1069,0.981298,-0.313170,0.002646,1.300368,536,159,8
1106,0.536613,0.253066,0.002735,1.300387,586,116,9
1107,0.536322,0.253382,0.002737,1.300387,558,119,10
1122,0.536810,0.253033,0.002773,1.300395,514,120,10
1123,0.537165,0.252723,0.002775,1.300395,583,114,9
1124,0.537532,0.252435,0.002777,1.300396,616,109,13
1146,0.520851,0.255463,0.002829,1.300407,630,112,18
1147,0.520174,0.256175,0.002832,1.300407,577,114,10
1148,0.519902,0.256488,0.002834,1.300408,538,114,14
1149,0.519434,0.257101,0.002837,1.300408,483,115,15
1150,0.519133,0.257554,0.002839,1.300409,449,115,12
1151,0.518856,0.258027,0.002842,1.300409,408,120,13
1152,0.518581,0.258566,0.002844,1.300410,367,120,13
1153,0.518327,0.259150,0.002847,1.300410,309,123,10
1154,0.518117,0.259730,0.002849,1.300411,269,120,10
1155,0.517939,0.260337,0.002852,1.300411,244,115,18
1162,0.517782,0.262921,0.002868,1.300415,238,115,16
1163,0.517967,0.262525,0.002870,1.300415,262,115,10
1164,0.518199,0.262086,0.002873,1.300416,316,121,12
1165,0.518624,0.261375,0.002875,1.300416,339,118,13
1166,0.519037,0.260745,0.002877,1.300417,384,114,12
1167,0.519478,0.260146,0.002879,1.300417,432,120,13
1168,0.520047,0.259495,0.002883,1.300418,478,119,13
1169,0.520072,0.259470,0.002885,1.300418,525,114,6
1170,0.516799,0.262612,0.002887,1.300419,574,116,11
1171,0.509101,0.269577,0.002889,1.300419,594,107,5
1172,0.498000,0.279204,0.002891,1.300420,632,109,12
1173,0.482280,0.292426,0.002894,1.300420,639,111,9
1180,0.460570,0.309846,0.002911,1.300424,600,101,17
1181,0.460182,0.310313,0.002913,1.300424,551,108,17
1182,0.459832,0.310785,0.002916,1.300425,494,105,7
1183,0.459514,0.311276,0.002918,1.300425,474,110,13
1184,0.459213,0.311806,0.002920,1.300426,417,111,15
1185,0.458829,0.312624,0.002924,1.300427,389,112,15
1186,0.458669,0.313033,0.002926,1.300427,311,112,16
1187,0.458551,0.313375,0.002927,1.300427,276,111,16
1188,0.458398,0.313901,0.002929,1.300428,278,109,13
1189,0.458182,0.314860,0.002933,1.300428,206,105,12
1190,0.458304,0.314476,0.002935,1.300429,199,110,15
1191,0.458510,0.313928,0.002938,1.300429,241,112,15
1192,0.458667,0.313572,0.002939,1.300430,274,111,14
1193,0.459021,0.312853,0.002942,1.300430,311,111,15
1194,0.459047,0.312789,0.002944,1.300431,359,111,14
1195,0.457258,0.315959,0.002947,1.300431,385,109,7
1196,0.456801,0.316805,0.002949,1.300432,393,108,13
1197,0.456561,0.317298,0.002951,1.300432,375,105,6
1198,0.456343,0.317826,0.002954,1.300433,346,112,5
1199,0.456171,0.318324,0.002956,1.300433,294,109,6
1200,0.455814,0.319632,0.002959,1.300434,277,111,15
1201,0.455609,0.320568,0.002961,1.300434,203,110,15
1202,0.455487,0.321281,0.002963,1.300435,181,107,16
1203,0.455437,0.321660,0.002965,1.300435,118,105,16
1204,0.455395,0.322875,0.002968,1.300436,94,104,17
1205,0.455380,0.324261,0.002970,1.300436,49,98,11
1206,0.455347,0.324884,0.002973,1.300437,23,99,18
1207,0.455352,0.324588,0.002974,1.300437,28,101,18
1208,0.455422,0.323674,0.002977,1.300438,45,104,14
1209,0.455498,0.323177,0.002980,1.300438,81,102,16
1210,0.455620,0.322608,0.002982,1.300439,130,104,14
1211,0.455763,0.322098,0.002985,1.300439,174,111,13
1212,0.455868,0.321781,0.002986,1.300440,216,111,13
1213,0.456128,0.321131,0.002989,1.300440,262,106,6
1214,0.456319,0.320728,0.002991,1.300441,297,112,5
1215,0.456408,0.320558,0.002994,1.300441,324,108,14
1216,0.453758,0.324994,0.002997,1.300442,373,113,13
1217,0.446810,0.335640,0.002999,1.300442,423,106,13
1218,0.437093,0.349764,0.003001,1.300443,445,110,13
1219,0.426145,0.365221,0.003004,1.300443,465,102,14
1220,0.416564,0.376172,0.003005,1.300444,474,102,16
1221,0.402208,0.392231,0.003009,1.300445,507,101,13
1222,0.394463,0.402768,0.003011,1.300445,375,102,14
1223,0.385132,0.416813,0.003014,1.300446,218,100,16
1224,0.382178,0.420933,0.003016,1.300446,88,90,8
1225,0.382151,0.421509,0.003017,1.300446,1,85,17
1237,0.382016,0.415225,0.003046,1.300453,8,80,6
1238,0.382085,0.412820,0.003049,1.300453,39,84,18
1239,0.382206,0.410831,0.003051,1.300454,69,88,19
1240,0.382460,0.408180,0.003054,1.300454,87,91,18
1241,0.382668,0.406563,0.003056,1.300455,118,92,18
1242,0.382625,0.406753,0.003059,1.300455,148,93,18
1243,0.382496,0.407783,0.003060,1.300456,147,92,17
1244,0.382071,0.412403,0.003063,1.300456,135,92,16
1245,0.381551,0.416490,0.003066,1.300457,90,90,18
1246,0.381456,0.417924,0.003067,1.300457,36,86,19
1247,0.381625,0.420498,0.003070,1.300458,4,80,5
1258,0.381168,0.415449,0.003096,1.300463,8,82,18
1259,0.381230,0.412862,0.003099,1.300464,35,85,18
1260,0.381394,0.410299,0.003101,1.300464,69,88,17
1261,0.381610,0.408128,0.003103,1.300465,96,91,17
1262,0.381936,0.405719,0.003106,1.300465,110,90,18
1263,0.382312,0.403545,0.003108,1.300466,147,92,18
1264,0.382721,0.401578,0.003111,1.300466,176,98,15
1265,0.383253,0.399405,0.003113,1.300467,199,92,6
1266,0.383187,0.399445,0.003115,1.300467,231,98,17
1267,0.382969,0.400205,0.003118,1.300468,240,95,6
1268,0.382152,0.403866,0.003120,1.300468,227,98,17
1269,0.380804,0.407745,0.003123,1.300469,219,96,13
1270,0.379861,0.410612,0.003125,1.300470,151,92,18
1271,0.379694,0.413319,0.003128,1.300470,117,91,17
1272,0.379722,0.412654,0.003129,1.300470,76,89,18
1273,0.379885,0.410190,0.003132,1.300471,68,87,19
1274,0.380079,0.408249,0.003134,1.300471,99,89,17
1275,0.380464,0.405444,0.003137,1.300472,127,92,17
1276,0.380849,0.403278,0.003139,1.300473,146,92,17
1277,0.381237,0.401446,0.003141,1.300473,174,99,14
1278,0.381743,0.399392,0.003144,1.300473,207,95,17
1279,0.382359,0.397236,0.003146,1.300474,227,94,15
1280,0.383095,0.394953,0.003149,1.300475,259,98,6
1281,0.383917,0.392669,0.003151,1.300475,284,97,15
1282,0.384980,0.390018,0.003154,1.300476,306,98,16
1283,0.385786,0.388181,0.003156,1.300476,333,101,16
1284,0.386991,0.385669,0.003159,1.300477,341,99,16
1285,0.387640,0.384451,0.003161,1.300477,382,96,7
1286,0.388085,0.383506,0.003163,1.300478,403,101,16
1287,0.387174,0.385184,0.003166,1.300478,417,99,15
1288,0.385640,0.388341,0.003167,1.300479,409,104,13
1289,0.381968,0.396672,0.003170,1.300479,362,104,13
1290,0.378043,0.402197,0.003173,1.300480,321,96,5
1291,0.375830,0.407546,0.003175,1.300480,243,101,15
1292,0.374899,0.417736,0.003177,1.300481,161,91,5
1293,0.374447,0.425969,0.003180,1.300481,44,86,18
1306,0.373367,0.415587,0.003211,1.300488,9,85,16
1307,0.373380,0.413899,0.003213,1.300488,26,83,19
1308,0.373407,0.412909,0.003215,1.300489,27,79,6
1309,0.373686,0.407937,0.003217,1.300489,72,90,18
1310,0.374809,0.395276,0.003220,1.300490,98,91,15
1311,0.377269,0.379193,0.003222,1.300490,130,93,15
1312,0.383830,0.348173,0.003225,1.300491,187,100,13
1313,0.389473,0.323344,0.003228,1.300492,216,99,17
1314,0.395120,0.298591,0.003230,1.300492,228,101,6
1315,0.402572,0.265880,0.003232,1.300493,230,107,15
1316,0.409183,0.236813,0.003235,1.300493,232,106,11
1317,0.413699,0.216924,0.003236,1.300494,231,113,14
1318,0.421472,0.182744,0.003239,1.300494,234,119,11
1319,0.428974,0.149683,0.003242,1.300495,238,121,13
1320,0.435242,0.122021,0.003244,1.300495,239,123,12
1321,0.440463,0.098984,0.003246,1.300496,239,124,12
1322,0.448980,0.061372,0.003249,1.300496,243,127,13
1323,0.454967,0.034885,0.003251,1.300497,245,129,13
1324,0.460043,0.012398,0.003253,1.300497,245,133,11
1325,0.467315,-0.019774,0.003256,1.300498,245,134,11
1326,0.473153,-0.045651,0.003258,1.300498,249,136,11
1327,0.480812,-0.079653,0.003261,1.300499,251,140,10
1328,0.485028,-0.098381,0.003262,1.300499,247,139,9
1329,0.492659,-0.132267,0.003265,1.300500,252,143,11
1330,0.499904,-0.164508,0.003268,1.300500,254,144,11
1331,0.505468,-0.189308,0.003270,1.300501,252,145,9
1332,0.511927,-0.218057,0.003272,1.300501,255,149,8
1333,0.518179,-0.245937,0.003275,1.300502,256,148,11
1334,0.525922,-0.280521,0.003277,1.300502,257,151,11
1335,0.531534,-0.305591,0.003280,1.300503,259,151,10
1336,0.539239,-0.335842,0.003282,1.300503,260,153,9
1337,0.549880,-0.341906,0.003285,1.300504,261,156,7
1338,0.557018,-0.346070,0.003286,1.300504,200,148,9
1339,0.564452,-0.348496,0.003289,1.300505,130,146,10
1340,0.568854,-0.347218,0.003291,1.300505,93,146,9
1341,0.568851,-0.347181,0.003294,1.300506,22,149,9
1342,0.568382,-0.347690,0.003297,1.300507,12,148,11
1343,0.568321,-0.347725,0.003299,1.300507,21,149,11
1344,0.568301,-0.347737,0.003301,1.300508,20,149,10
1345,0.568260,-0.347800,0.003303,1.300508,23,149,11
1346,0.568224,-0.347797,0.003306,1.300509,23,149,10
1347,0.568198,-0.347800,0.003308,1.300509,23,148,11
1348,0.568158,-0.348078,0.003311,1.300510,23,152,9
1349,0.568081,-0.347828,0.003313,1.300510,45,151,10
1350,0.568056,-0.346155,0.003315,1.300511,77,152,10
1351,0.567944,-0.343628,0.003318,1.300511,110,153,9
1352,0.567810,-0.341898,0.003320,1.300512,132,153,9
1353,0.567560,-0.339628,0.003323,1.300512,151,153,9
1354,0.567326,-0.338010,0.003325,1.300513,174,154,9
1355,0.567016,-0.336259,0.003327,1.300513,202,154,9
1356,0.566808,-0.335241,0.003329,1.300514,222,155,8
1357,0.566293,-0.333089,0.003332,1.300514,251,153,10
1358,0.566023,-0.332110,0.003335,1.300515,277,156,8
1359,0.565858,-0.331629,0.003337,1.300515,284,157,7
1360,0.565671,-0.331073,0.003339,1.300516,306,157,9
1361,0.565343,-0.330168,0.003341,1.300516,311,156,8
1362,0.564927,-0.329084,0.003343,1.300517,332,154,9
1363,0.564348,-0.327754,0.003347,1.300518,362,155,9
1364,0.564081,-0.327195,0.003349,1.300518,386,157,8
1365,0.563749,-0.326569,0.003351,1.300519,427,154,10
1366,0.563618,-0.326340,0.003353,1.300519,453,154,8
1367,0.563673,-0.326388,0.003356,1.300520,479,154,10
1368,0.563932,-0.326706,0.003358,1.300520,530,151,10
1369,0.564272,-0.327082,0.003361,1.300521,570,151,9
1370,0.564659,-0.327461,0.003363,1.300521,609,151,10
1378,0.568865,-0.330357,0.003382,1.300525,612,149,9
1379,0.569304,-0.330207,0.003385,1.300526,575,151,11
1380,0.569305,-0.330208,0.003387,1.300526,547,152,10
1381,0.569307,-0.330206,0.003389,1.300527,548,151,9
1382,0.569309,-0.330204,0.003392,1.300527,550,151,9
1383,0.569311,-0.330201,0.003394,1.300528,549,152,11
1384,0.569317,-0.330198,0.003396,1.300528,548,151,11
1385,0.569327,-0.330192,0.003399,1.300529,549,151,10
1386,0.569347,-0.330181,0.003401,1.300530,549,150,9
1387,0.569362,-0.330174,0.003403,1.300530,550,149,6
1388,0.569363,-0.330174,0.003405,1.300530,548,152,10
1389,0.569360,-0.330174,0.003408,1.300531,546,152,10
1390,0.569354,-0.330175,0.003411,1.300532,547,151,9
1391,0.569351,-0.330176,0.003413,1.300532,546,152,10
1392,0.569348,-0.330175,0.003415,1.300533,548,152,9
1393,0.569345,-0.330173,0.003418,1.300533,548,152,8
1394,0.569345,-0.330173,0.003420,1.300534,548,152,8
1395,0.569344,-0.330174,0.003422,1.300534,548,152,10
1396,0.569630,-0.330584,0.003425,1.300535,546,151,10
1397,0.568453,-0.329000,0.003427,1.300535,548,152,9
1398,0.564045,-0.323120,0.003429,1.300536,552,151,11
1399,0.553967,-0.309616,0.003432,1.300536,557,152,9
1400,0.544548,-0.296360,0.003434,1.300537,559,150,10
1401,0.531376,-0.276709,0.003437,1.300537,541,149,10
1402,0.519320,-0.258446,0.003439,1.300538,520,150,11
1403,0.507089,-0.240368,0.003441,1.300538,519,148,10
1404,0.497059,-0.227046,0.003444,1.300539,527,148,11
1405,0.489265,-0.218419,0.003446,1.300539,563,146,10
1414,0.465300,-0.198385,0.003468,1.300544,630,142,10
1415,0.465052,-0.198044,0.003470,1.300545,595,142,12
1416,0.464777,-0.197619,0.003472,1.300545,547,145,8
1417,0.464519,-0.197164,0.003475,1.300546,505,146,10
1418,0.464354,-0.196834,0.003477,1.300546,446,146,11
1419,0.464219,-0.196534,0.003480,1.300547,411,148,9
1420,0.464219,-0.196538,0.003481,1.300547,414,147,9
1421,0.464219,-0.196545,0.003484,1.300548,414,147,10
1422,0.464219,-0.196549,0.003486,1.300548,414,147,10
1423,0.464219,-0.196555,0.003489,1.300549,415,146,11
1424,0.464219,-0.196560,0.003491,1.300549,414,147,10
1425,0.464219,-0.196565,0.003494,1.300550,414,147,10
1426,0.464218,-0.196569,0.003495,1.300550,412,148,10
1427,0.464218,-0.196576,0.003498,1.300551,414,147,11
1428,0.464218,-0.196581,0.003501,1.300552,415,146,11
1429,0.463784,-0.195610,0.003503,1.300552,415,146,11
1430,0.460110,-0.187378,0.003506,1.300553,413,148,10
1431,0.453853,-0.173388,0.003508,1.300553,416,147,10
1432,0.449701,-0.163944,0.003510,1.300554,416,147,11
1433,0.438840,-0.138672,0.003513,1.300554,409,144,11
1434,0.425819,-0.108950,0.003516,1.300555,405,144,10
1435,0.416039,-0.086769,0.003518,1.300555,416,144,10
1436,0.404995,-0.061736,0.003520,1.300556,418,141,10
1437,0.396183,-0.041770,0.003522,1.300556,421,140,9
1438,0.379828,-0.004717,0.003525,1.300557,424,138,9
1439,0.368292,0.021430,0.003527,1.300557,421,140,10
1440,0.356622,0.047849,0.003530,1.300558,428,134,12
1441,0.345281,0.073518,0.003532,1.300558,427,132,13
1442,0.330125,0.107844,0.003535,1.300559,433,127,13
1443,0.320012,0.130718,0.003537,1.300560,436,126,13
1444,0.308438,0.156896,0.003539,1.300560,438,123,13
1445,0.294326,0.188814,0.003542,1.300561,445,116,7
1446,0.282183,0.216282,0.003544,1.300561,447,115,12
1447,0.272879,0.237309,0.003546,1.300562,446,116,14
1448,0.261522,0.262971,0.003548,1.300562,451,108,5
1449,0.248963,0.291363,0.003551,1.300563,455,106,15
1450,0.237651,0.316921,0.003553,1.300563,458,107,15
1451,0.224987,0.345514,0.003556,1.300564,463,100,17
1452,0.215646,0.366602,0.003558,1.300564,467,97,17
1453,0.201437,0.398700,0.003560,1.300565,470,93,17
1454,0.190575,0.423206,0.003563,1.300565,478,89,15
1455,0.177647,0.452366,0.003565,1.300566,478,85,18
1456,0.166263,0.478054,0.003567,1.300566,483,81,19
1457,0.154218,0.505223,0.003570,1.300567,489,74,20
1458,0.142735,0.531106,0.003572,1.300567,493,71,20
1459,0.128464,0.563269,0.003575,1.300568,502,64,19
1460,0.116162,0.591008,0.003577,1.300569,509,57,21
1461,0.106234,0.613365,0.003579,1.300569,517,50,22
1462,0.092566,0.644141,0.003582,1.300570,538,4,26
1463,0.082346,0.666950,0.003584,1.300570,536,34,25
1464,0.072213,0.688143,0.003587,1.300571,542,23,30
1465,0.063569,0.704384,0.003589,1.300571,590,12,27
1466,0.055262,0.718387,0.003592,1.300572,623,9,19
1493,0.326616,0.646430,0.003656,1.300586,639,28,8
1494,0.325371,0.647738,0.003658,1.300587,613,34,7
1495,0.324172,0.649097,0.003660,1.300587,568,48,21
1496,0.322859,0.650702,0.003663,1.300588,535,46,23
1497,0.321515,0.652484,0.003665,1.300588,542,9,29
1498,0.319858,0.654922,0.003668,1.300589,491,52,19
1499,0.319174,0.656104,0.003670,1.300589,454,50,22
1500,0.318258,0.657821,0.003673,1.300590,433,47,5
1501,0.317404,0.659314,0.003675,1.300590,415,5,34
1502,0.317059,0.659961,0.003677,1.300591,389,56,19
1503,0.316841,0.660406,0.003679,1.300591,360,53,22
1504,0.316677,0.660783,0.003681,1.300592,337,52,13
1505,0.316459,0.661378,0.003684,1.300592,284,46,9
1506,0.316295,0.661938,0.003687,1.300593,237,51,23
1507,0.316169,0.662500,0.003689,1.300594,187,51,20
1508,0.316064,0.663179,0.003692,1.300594,142,44,23
1509,0.316024,0.663625,0.003694,1.300595,101,43,21
1510,0.316006,0.664027,0.003696,1.300595,59,34,7
1511,0.316010,0.664546,0.003698,1.300596,4,29,5
1520,0.315980,0.663322,0.003719,1.300600,1,40,17
1522,0.316163,0.662096,0.003725,1.300602,101,47,20
1523,0.316304,0.661539,0.003727,1.300602,137,40,7
1524,0.316467,0.661030,0.003730,1.300603,195,47,9
1525,0.316640,0.660580,0.003732,1.300603,246,46,6
1526,0.316858,0.660098,0.003734,1.300604,280,44,7
1527,0.317171,0.659512,0.003737,1.300604,318,47,7
1528,0.317664,0.658661,0.003739,1.300605,350,53,19
1529,0.318335,0.657535,0.003742,1.300605,395,45,10
1530,0.318170,0.657787,0.003744,1.300606,426,3,37
1531,0.317836,0.658348,0.003746,1.300606,409,47,21
1532,0.317561,0.658867,0.003749,1.300607,392,47,7
1533,0.317421,0.659168,0.003751,1.300607,342,51,22
1534,0.317169,0.659799,0.003754,1.300608,318,47,9
1535,0.317021,0.660251,0.003756,1.300609,262,47,19
1536,0.316866,0.660851,0.003759,1.300609,235,53,20
1537,0.316787,0.661245,0.003760,1.300610,180,46,6
1538,0.316711,0.661749,0.003763,1.300610,152,41,8
1539,0.316777,0.661206,0.003766,1.300611,105,36,18
1540,0.316844,0.660830,0.003768,1.300611,77,38,5
1541,0.316942,0.660398,0.003770,1.300612,122,48,19
1542,0.317104,0.659834,0.003772,1.300612,157,47,25
1543,0.317367,0.659122,0.003775,1.300613,226,46,6
1544,0.317559,0.658692,0.003777,1.300614,259,53,22
1545,0.317807,0.658213,0.003780,1.300614,323,7,30
1546,0.318106,0.657716,0.003782,1.300615,321,48,21
1547,0.318305,0.657422,0.003784,1.300615,399,50,19
1548,0.318679,0.656929,0.003787,1.300616,437,46,7
1549,0.318905,0.656660,0.003789,1.300616,472,46,22
1550,0.319082,0.656463,0.003791,1.300617,525,40,5
1551,0.319719,0.655773,0.003794,1.300617,584,1,33
1552,0.320354,0.655092,0.003796,1.300618,586,38,25
1553,0.320804,0.654572,0.003799,1.300618,581,42,23
1554,0.320606,0.654798,0.003800,1.300619,551,39,27
1555,0.320217,0.655302,0.003803,1.300619,499,49,21
1556,0.319417,0.656717,0.003806,1.300620,453,49,21
1557,0.318251,0.658660,0.003808,1.300621,427,50,22
1558,0.317915,0.659255,0.003811,1.300621,397,50,17
1560,0.317524,0.660100,0.003815,1.300622,316,53,20
1561,0.317321,0.660659,0.003818,1.300623,284,49,9
1562,0.317326,0.660629,0.003820,1.300623,278,9,30
1563,0.317494,0.660150,0.003822,1.300624,219,48,6
1564,0.317750,0.659547,0.003825,1.300624,247,49,23
1565,0.317942,0.659159,0.003827,1.300625,292,48,9
1566,0.318173,0.658747,0.003829,1.300625,342,49,6
1567,0.318939,0.657536,0.003832,1.300626,372,52,23
1568,0.320804,0.652332,0.003834,1.300626,431,43,8
1569,0.320120,0.650733,0.003837,1.300627,459,45,6
1570,0.320113,0.650717,0.003839,1.300627,477,4,22
1571,0.320740,0.649697,0.003842,1.300628,482,47,24
1572,0.320584,0.649236,0.003843,1.300628,482,46,21
1573,0.320561,0.649206,0.003846,1.300629,520,5,31
1574,0.320669,0.649053,0.003849,1.300630,504,41,9
1575,0.320840,0.648322,0.003851,1.300630,506,47,6
1576,0.320824,0.648315,0.003853,1.300631,509,44,6
1577,0.320811,0.648279,0.003856,1.300631,514,45,23
1578,0.321104,0.647725,0.003858,1.300632,518,51,19
1579,0.321038,0.647559,0.003861,1.300632,515,43,27
1580,0.321023,0.647519,0.003863,1.300633,528,48,20
1581,0.321081,0.647425,0.003865,1.300633,530,48,16
1582,0.321203,0.646882,0.003867,1.300634,527,45,23
1583,0.321190,0.646881,0.003870,1.300634,538,2,21
1584,0.321173,0.646841,0.003872,1.300635,531,42,6
1585,0.321391,0.646456,0.003875,1.300636,533,44,24
1586,0.321325,0.646256,0.003878,1.300636,533,42,9
1587,0.321309,0.646228,0.003879,1.300637,536,46,23
1588,0.321304,0.646203,0.003881,1.300637,544,43,22
1589,0.321410,0.645772,0.003885,1.300638,560,6,36
1590,0.321388,0.645754,0.003887,1.300638,543,43,5
1591,0.321378,0.645727,0.003889,1.300639,547,50,19
1592,0.321556,0.645397,0.003891,1.300639,545,41,7
1593,0.321503,0.645230,0.003894,1.300640,544,44,25
1594,0.321490,0.645213,0.003896,1.300641,556,50,19
1595,0.321538,0.645153,0.003898,1.300641,557,40,6
1596,0.318565,0.648242,0.003901,1.300642,558,44,21
1597,0.314344,0.652268,0.003903,1.300642,586,45,22
1598,0.305577,0.659763,0.003905,1.300643,639,32,19
1621,0.160963,0.731961,0.003961,1.300655,635,4,23
1622,0.160684,0.732387,0.003963,1.300656,586,5,28
1623,0.160481,0.732730,0.003965,1.300656,545,11,23
1624,0.160349,0.732991,0.003968,1.300657,508,17,19
1625,0.160139,0.733484,0.003970,1.300658,446,10,30
1626,0.159951,0.734032,0.003973,1.300658,413,10,27
1627,0.159829,0.734474,0.003976,1.300659,383,20,18
1628,0.159712,0.735024,0.003977,1.300659,318,16,28
1629,0.159554,0.736019,0.003980,1.300660,290,14,29
1631,0.159438,0.737284,0.003984,1.300661,209,15,25
1632,0.159428,0.737481,0.003987,1.300661,178,11,27
1633,0.159402,0.736075,0.003989,1.300662,113,13,19
1634,0.159434,0.735044,0.003991,1.300662,128,8,32
1635,0.159497,0.734336,0.003993,1.300663,171,14,28
1636,0.159695,0.733041,0.003997,1.300664,204,22,20
1637,0.159862,0.732366,0.004000,1.300664,218,13,25
1638,0.160008,0.731898,0.004002,1.300665,274,23,20
1639,0.160185,0.731418,0.004004,1.300665,323,14,6
1640,0.160399,0.730914,0.004006,1.300666,369,20,26
1641,0.160578,0.730545,0.004008,1.300666,428,14,28
1642,0.160788,0.730184,0.004011,1.300667,470,16,28
1643,0.161125,0.729669,0.004013,1.300667,503,12,13
1644,0.161731,0.728745,0.004015,1.300668,573,3,38
1645,0.162438,0.727584,0.004017,1.300668,580,8,24
1646,0.163290,0.726034,0.004021,1.300669,548,12,25
1647,0.163658,0.725295,0.004022,1.300669,513,16,25
1648,0.163689,0.725202,0.004025,1.300670,505,7,31
1649,0.163507,0.725628,0.004027,1.300671,444,25,21
1650,0.163631,0.725143,0.004030,1.300671,407,19,28
1651,0.164719,0.721174,0.004032,1.300672,376,17,27
1652,0.166199,0.715475,0.004035,1.300672,339,21,25
1653,0.168231,0.706369,0.004037,1.300673,333,20,27
1654,0.170713,0.691557,0.004039,1.300673,305,28,22
1655,0.175033,0.656204,0.004042,1.300674,258,28,21
1656,0.178617,0.620963,0.004045,1.300675,229,40,19
1657,0.180882,0.597158,0.004047,1.300675,227,39,19
1658,0.183700,0.567448,0.004050,1.300676,238,5,39
1659,0.185626,0.547210,0.004051,1.300676,223,57,23
1660,0.188541,0.516425,0.004054,1.300677,224,62,18
1661,0.191287,0.487318,0.004056,1.300677,232,66,20
1662,0.194223,0.456147,0.004059,1.300678,233,75,19
1663,0.196483,0.432132,0.004061,1.300678,237,76,18
1664,0.199346,0.401595,0.004063,1.300679,240,84,18
1665,0.203466,0.357473,0.004067,1.300680,242,87,18
1666,0.204865,0.342510,0.004068,1.300680,245,93,17
1667,0.207486,0.314376,0.004070,1.300681,244,96,17
1668,0.210158,0.285569,0.004072,1.300681,247,100,17
1669,0.218161,0.278247,0.004074,1.300682,251,100,6
1670,0.227691,0.272255,0.004077,1.300682,225,104,14
1671,0.234653,0.267823,0.004079,1.300683,137,102,16
1672,0.239943,0.264193,0.004082,1.300683,45,97,17
1673,0.241289,0.263090,0.004085,1.300684,5,94,7
1682,0.242937,0.268362,0.004106,1.300689,7,101,13
1683,0.243188,0.270409,0.004108,1.300689,33,99,16
1684,0.243355,0.272288,0.004111,1.300690,80,102,16
1685,0.243455,0.274051,0.004113,1.300691,99,103,16
1686,0.243472,0.274480,0.004115,1.300691,121,103,16
1687,0.243469,0.274509,0.004118,1.300692,133,102,16
1688,0.243464,0.274542,0.004120,1.300692,134,103,15
1689,0.243457,0.274584,0.004123,1.300693,132,103,14
1690,0.243452,0.274627,0.004125,1.300693,136,106,16
1691,0.243446,0.274675,0.004127,1.300694,132,104,14
1692,0.243446,0.274890,0.004130,1.300694,133,106,13
1693,0.243462,0.275544,0.004132,1.300695,132,104,12
1694,0.243479,0.277470,0.004135,1.300696,138,104,17
1695,0.243474,0.278470,0.004137,1.300696,157,106,15
1696,0.243511,0.278052,0.004139,1.300696,185,107,15
1697,0.243590,0.277497,0.004141,1.300697,223,109,15
1698,0.243723,0.276847,0.004144,1.300698,253,102,9
1699,0.243887,0.276255,0.004147,1.300698,297,109,15
1700,0.244032,0.275854,0.004149,1.300699,334,108,15
1701,0.244223,0.275408,0.004152,1.300699,393,108,15
1702,0.244399,0.275054,0.004154,1.300700,439,103,6
1703,0.244583,0.274723,0.004156,1.300700,477,102,17
1704,0.244892,0.274241,0.004159,1.300701,518,101,16
1705,0.245113,0.273937,0.004161,1.300702,553,99,17
1706,0.244965,0.274132,0.004163,1.300702,606,100,18
1707,0.244607,0.274644,0.004166,1.300703,632,95,7
1708,0.244327,0.275100,0.004168,1.300703,605,99,16
1709,0.244018,0.275678,0.004170,1.300704,564,103,13
1710,0.243808,0.276136,0.004173,1.300704,489,106,14
1711,0.243585,0.276693,0.004175,1.300705,446,109,13
1712,0.243456,0.277089,0.004178,1.300706,397,105,15
1713,0.243349,0.277492,0.004180,1.300706,365,105,6
1714,0.243243,0.278010,0.004182,1.300707,314,108,15
1715,0.243176,0.278473,0.004185,1.300707,287,107,15
1716,0.243131,0.279061,0.004188,1.300708,231,110,11
1717,0.243125,0.279439,0.004189,1.300708,225,103,11
1718,0.243140,0.279870,0.004192,1.300709,149,107,13
1719,0.243181,0.280327,0.004194,1.300709,101,100,14
1720,0.243256,0.280816,0.004196,1.300710,69,99,16
1721,0.243140,0.280491,0.004199,1.300710,10,97,17
1725,0.240942,0.271371,0.004208,1.300713,1,97,11
1726,0.240806,0.271499,0.004211,1.300713,29,97,17
1727,0.240925,0.272978,0.004213,1.300714,91,104,16
1728,0.241014,0.274646,0.004216,1.300714,106,105,14
1729,0.241059,0.276663,0.004218,1.300715,129,103,16
1730,0.241053,0.278093,0.004220,1.300715,152,105,16
1731,0.240966,0.280629,0.004223,1.300716,178,105,15
1732,0.240876,0.281964,0.004225,1.300716,198,102,13
1733,0.240840,0.282440,0.004227,1.300717,215,104,16
1734,0.240933,0.281975,0.004230,1.300718,245,109,15
1735,0.241055,0.281509,0.004232,1.300718,291,111,14
1736,0.241227,0.280993,0.004235,1.300719,345,103,6
1737,0.241373,0.280626,0.004237,1.300719,371,103,13
1738,0.241554,0.280231,0.004239,1.300720,416,107,16
1739,0.241684,0.279982,0.004242,1.300720,459,106,15
1740,0.241347,0.280635,0.004244,1.300721,508,99,5
1741,0.241083,0.281213,0.004247,1.300722,494,102,14
1742,0.240885,0.281722,0.004249,1.300722,437,109,13
1743,0.240721,0.282224,0.004251,1.300723,396,111,10
1744,0.240534,0.282954,0.004254,1.300723,370,105,6
1745,0.240448,0.283403,0.004256,1.300724,314,111,12
1746,0.240362,0.284044,0.004259,1.300724,275,105,6
1747,0.240319,0.284619,0.004261,1.300725,234,103,17
1748,0.240312,0.285020,0.004263,1.300725,185,104,16
1749,0.240346,0.285638,0.004266,1.300726,162,102,14
1750,0.240512,0.287754,0.004268,1.300727,114,104,14
1751,0.240595,0.289333,0.004270,1.300727,108,97,7
1752,0.240623,0.290498,0.004273,1.300728,122,105,13
1753,0.240646,0.290314,0.004275,1.300728,154,104,13
1754,0.240695,0.289895,0.004277,1.300729,188,107,14
1755,0.240772,0.289449,0.004280,1.300729,235,105,14
1756,0.240895,0.288930,0.004282,1.300730,277,103,17
1757,0.241033,0.288473,0.004285,1.300731,323,103,11
1758,0.241134,0.288192,0.004287,1.300731,362,106,16
1759,0.240942,0.288745,0.004290,1.300732,402,103,14
1760,0.240784,0.289297,0.004292,1.300732,379,108,12
1761,0.240635,0.289978,0.004295,1.300733,337,104,13
1762,0.240553,0.290513,0.004297,1.300733,319,104,15
1763,0.240508,0.290957,0.004299,1.300734,251,105,16
1764,0.240484,0.291405,0.004301,1.300734,223,105,14
1765,0.240480,0.292015,0.004304,1.300735,173,103,7
1766,0.240484,0.292230,0.004306,1.300736,135,104,12
1767,0.240494,0.292388,0.004309,1.300736,72,101,15
1768,0.240562,0.292769,0.004311,1.300737,29,97,18
1773,0.240580,0.292394,0.004323,1.300740,46,95,18
1774,0.240574,0.291981,0.004326,1.300740,79,96,14
1775,0.240590,0.291495,0.004328,1.300741,127,98,14
1776,0.240627,0.291087,0.004330,1.300741,165,102,16
1777,0.240611,0.291227,0.004332,1.300742,213,108,11
1778,0.239740,0.296248,0.004335,1.300742,249,106,16
1779,0.237022,0.307687,0.004338,1.300743,296,106,15
1780,0.233879,0.317806,0.004340,1.300744,337,105,15
1781,0.227166,0.336097,0.004342,1.300744,377,100,7
1782,0.219475,0.354211,0.004344,1.300745,398,99,15
1783,0.205813,0.382779,0.004347,1.300745,448,95,15
1784,0.193862,0.405481,0.004349,1.300746,502,88,15
1785,0.176119,0.438908,0.004352,1.300747,531,84,18
1786,0.163635,0.462468,0.004355,1.300747,542,79,19
1787,0.154604,0.479526,0.004356,1.300747,544,75,18
1788,0.143631,0.500293,0.004359,1.300748,552,23,27
1789,0.136417,0.514109,0.004361,1.300749,558,65,20
1790,0.129875,0.526454,0.004364,1.300749,561,59,23
1791,0.127040,0.531410,0.004366,1.300750,577,57,22
1792,0.124245,0.536088,0.004368,1.300750,609,11,21
1793,0.121607,0.540413,0.004371,1.300751,620,51,23
1794,0.119462,0.543934,0.004373,1.300751,628,52,23
1795,0.118135,0.546194,0.004376,1.300752,629,51,24
1796,0.117696,0.546997,0.004378,1.300753,610,45,27
1797,0.117472,0.547464,0.004380,1.300753,574,53,21
1798,0.117247,0.548010,0.004383,1.300754,535,56,22
1799,0.117085,0.548471,0.004385,1.300754,487,63,19
1800,0.116907,0.549091,0.004387,1.300755,439,63,19
1801,0.116769,0.549726,0.004390,1.300755,402,60,19
1802,0.116538,0.551582,0.004392,1.300756,345,67,18
1803,0.115959,0.557876,0.004395,1.300757,302,64,22
1804,0.115158,0.566314,0.004397,1.300757,287,62,20
1805,0.113954,0.579999,0.004400,1.300758,284,61,21
1806,0.112032,0.602946,0.004402,1.300758,277,56,19
1807,0.109535,0.626992,0.004405,1.300759,275,51,21
1808,0.106759,0.648711,0.004407,1.300759,284,45,20
1809,0.102982,0.676797,0.004409,1.300760,299,40,20
1810,0.098545,0.709887,0.004412,1.300761,312,40,19
1811,0.093214,0.749291,0.004415,1.300761,306,30,21
1812,0.090208,0.771533,0.004417,1.300762,313,18,23
1813,0.086531,0.798795,0.004419,1.300762,306,6,25
1814,0.083654,0.820103,0.004421,1.300763,309,5,21
1815,0.079532,0.849788,0.004423,1.300763,311,1,16
1825,0.097869,0.741237,0.004447,1.300769,323,7,22
1826,0.102986,0.709150,0.004449,1.300770,324,8,27
1827,0.107498,0.680644,0.004452,1.300770,334,13,6
1828,0.110861,0.659390,0.004454,1.300771,318,20,19
1829,0.116457,0.624092,0.004456,1.300771,320,29,26
1830,0.121433,0.592646,0.004459,1.300772,325,47,21
1831,0.125688,0.565570,0.004461,1.300772,318,47,19
1832,0.130050,0.537878,0.004463,1.300773,322,59,21
1833,0.134931,0.506940,0.004466,1.300773,322,64,21
1834,0.140945,0.468532,0.004469,1.300774,323,69,20
1835,0.144320,0.446972,0.004471,1.300775,322,77,19
1836,0.148852,0.418075,0.004473,1.300775,321,80,19
1837,0.152637,0.393912,0.004475,1.300776,320,85,18
1838,0.158977,0.353132,0.004479,1.300776,317,85,13
1839,0.162158,0.332715,0.004480,1.300777,323,98,13
1840,0.167167,0.300607,0.004483,1.300778,320,96,18
1841,0.174674,0.283861,0.004485,1.300778,323,102,15
1842,0.183823,0.278285,0.004488,1.300779,320,104,15
1843,0.190147,0.276339,0.004490,1.300779,240,104,14
1844,0.193418,0.275775,0.004492,1.300780,180,109,12
1845,0.194928,0.275487,0.004495,1.300780,180,103,17
1846,0.194926,0.275488,0.004497,1.300781,122,103,16
1847,0.194955,0.275479,0.004499,1.300781,116,101,13
1848,0.194940,0.275482,0.004502,1.300782,120,101,17
1849,0.194930,0.275485,0.004505,1.300783,120,104,15
1850,0.194945,0.275481,0.004507,1.300783,120,101,17
1851,0.194957,0.275476,0.004510,1.300784,124,102,15
1852,0.194941,0.275481,0.004511,1.300784,120,104,17
1853,0.194938,0.275482,0.004513,1.300785,122,105,13
1854,0.194967,0.275474,0.004516,1.300785,124,97,6
1855,0.194954,0.275476,0.004518,1.300786,121,105,14
1856,0.194944,0.275479,0.004521,1.300787,116,99,13
1857,0.194950,0.275477,0.004523,1.300787,120,102,17
1858,0.194990,0.275466,0.004526,1.300788,122,104,15
1859,0.194956,0.275475,0.004528,1.300788,119,101,17
1860,0.194952,0.275477,0.004530,1.300789,119,102,16
1861,0.194990,0.275466,0.004533,1.300789,119,104,15
1862,0.194967,0.275471,0.004536,1.300790,116,105,13
1863,0.194958,0.275474,0.004538,1.300791,119,101,17
1864,0.194957,0.275475,0.004540,1.300791,118,103,17
1865,0.194953,0.275543,0.004543,1.300792,120,99,7
1866,0.194995,0.276057,0.004545,1.300792,116,100,13
1867,0.195022,0.276675,0.004547,1.300793,149,101,12
1868,0.194955,0.278302,0.004549,1.300793,171,104,17
1869,0.194887,0.280456,0.004552,1.300794,199,108,13
1870,0.194744,0.282605,0.004555,1.300795,218,107,13
1871,0.194571,0.284336,0.004557,1.300795,240,106,14
1872,0.194368,0.285838,0.004559,1.300796,265,107,16
1873,0.194012,0.287961,0.004562,1.300796,290,102,11
1874,0.193774,0.289155,0.004564,1.300797,313,102,13
1875,0.193622,0.289829,0.004566,1.300797,335,107,15
1876,0.193606,0.289861,0.004569,1.300798,352,106,16
1877,0.193592,0.289887,0.004571,1.300799,349,103,12
1878,0.193565,0.289966,0.004574,1.300799,349,103,14
1879,0.193468,0.290365,0.004576,1.300800,355,103,12
1880,0.193268,0.291179,0.004578,1.300800,360,107,13
1881,0.192919,0.292470,0.004581,1.300801,368,107,15
1882,0.192501,0.293833,0.004583,1.300801,395,103,15
1883,0.192124,0.294923,0.004585,1.300802,415,106,15
1884,0.191625,0.296203,0.004588,1.300803,439,103,14
1885,0.191181,0.297208,0.004591,1.300803,478,102,16
1886,0.190963,0.297664,0.004592,1.300804,499,101,16
1887,0.191215,0.297237,0.004595,1.300804,530,99,16
1888,0.191601,0.296671,0.004598,1.300805,584,92,13
1889,0.191898,0.296288,0.004600,1.300805,639,89,15
1893,0.192012,0.296270,0.004609,1.300808,607,94,18
1894,0.192569,0.296325,0.004612,1.300808,550,98,16
1895,0.192567,0.296326,0.004614,1.300809,533,93,5
1896,0.192566,0.296331,0.004616,1.300809,531,100,17
1897,0.192563,0.296339,0.004619,1.300810,533,98,17
1898,0.192551,0.296366,0.004621,1.300811,531,97,16
1899,0.192539,0.296392,0.004624,1.300811,531,100,16
1900,0.192538,0.296397,0.004626,1.300812,529,94,7
1901,0.192539,0.296402,0.004628,1.300812,531,97,17
1902,0.192540,0.296406,0.004631,1.300813,530,97,17
1903,0.192507,0.296473,0.004633,1.300814,533,98,17
1904,0.192226,0.297034,0.004636,1.300814,534,100,15
1905,0.191793,0.297890,0.004638,1.300815,535,101,12
1906,0.191033,0.299481,0.004641,1.300815,533,101,13
1907,0.190795,0.300037,0.004643,1.300816,518,96,6
1908,0.190626,0.300479,0.004645,1.300816,464,100,15
1909,0.190512,0.300826,0.004647,1.300817,432,102,18
1910,0.190361,0.301419,0.004650,1.300818,385,102,14
1911,0.190251,0.302012,0.004653,1.300818,365,105,15
1912,0.190196,0.302439,0.004655,1.300819,312,102,14
1913,0.190159,0.302926,0.004657,1.300819,261,103,15
1914,0.190151,0.303474,0.004660,1.300820,211,105,12
1915,0.190169,0.303918,0.004662,1.300820,173,100,15
1916,0.190184,0.304165,0.004664,1.300821,120,100,16
1917,0.190145,0.303789,0.004666,1.300821,89,98,16
1918,0.190114,0.303154,0.004669,1.300822,109,101,14
1919,0.190132,0.302444,0.004672,1.300823,165,96,6
1920,0.190178,0.301947,0.004674,1.300823,210,101,16
1921,0.190236,0.301537,0.004676,1.300824,242,105,15
1922,0.190360,0.300915,0.004678,1.300824,275,99,5
1923,0.190497,0.300401,0.004681,1.300825,326,104,15
1924,0.190624,0.300038,0.004683,1.300826,374,107,14
1925,0.190807,0.299592,0.004686,1.300826,421,100,14
1926,0.190994,0.299201,0.004688,1.300827,460,104,15
1927,0.191269,0.298705,0.004691,1.300827,497,98,15
1928,0.191320,0.298623,0.004693,1.300828,536,96,13
1929,0.190218,0.300418,0.004695,1.300829,594,93,17
1930,0.189607,0.301472,0.004697,1.300829,604,92,16
1931,0.189221,0.302191,0.004700,1.300830,560,95,15
1932,0.188966,0.302737,0.004702,1.300830,537,102,11
1933,0.188757,0.303258,0.004705,1.300831,476,99,16
1934,0.188650,0.303591,0.004707,1.300831,433,100,15
1935,0.188514,0.304091,0.004709,1.300832,392,101,15
1936,0.188412,0.304573,0.004712,1.300833,350,103,11
1937,0.188327,0.305134,0.004714,1.300833,312,103,15
1938,0.188278,0.305713,0.004717,1.300834,268,99,9
1939,0.188267,0.306193,0.004719,1.300834,234,100,15
1940,0.188266,0.306371,0.004722,1.300835,180,104,14
1941,0.188256,0.306014,0.004723,1.300835,152,101,16
1942,0.188276,0.305320,0.004726,1.300836,176,97,18
1943,0.188332,0.304745,0.004729,1.300837,214,98,11
1944,0.188402,0.304290,0.004731,1.300837,252,99,13
1945,0.188558,0.303589,0.004734,1.300838,292,103,13
1946,0.188698,0.303101,0.004736,1.300838,336,104,16
1947,0.188870,0.302594,0.004738,1.300839,387,104,15
1948,0.190885,0.296814,0.004741,1.300840,427,101,16
1949,0.194672,0.293136,0.004743,1.300840,437,99,13
1950,0.197718,0.292147,0.004745,1.300841,437,102,15
1951,0.199492,0.291505,0.004748,1.300841,396,105,14
1952,0.200465,0.291142,0.004750,1.300842,390,104,15
1953,0.200748,0.291030,0.004753,1.300842,373,106,14
1954,0.200767,0.291023,0.004755,1.300843,366,102,17
1955,0.200790,0.291015,0.004757,1.300844,367,106,16
1956,0.200839,0.291026,0.004759,1.300844,366,102,14
1957,0.200731,0.291165,0.004762,1.300845,366,104,15
1958,0.199994,0.293912,0.004765,1.300845,370,106,17
1959,0.198032,0.300856,0.004767,1.300846,371,106,15
1960,0.194398,0.312574,0.004769,1.300847,379,104,13
1961,0.187936,0.332058,0.004772,1.300847,405,101,14
1962,0.182491,0.347499,0.004774,1.300848,423,97,17
1963,0.171591,0.375085,0.004776,1.300848,441,96,16
1964,0.162580,0.396916,0.004778,1.300849,471,90,6
1965,0.147191,0.434203,0.004782,1.300850,487,88,17
1966,0.137164,0.458476,0.004784,1.300850,488,83,19
1967,0.128244,0.480066,0.004786,1.300851,496,76,20
1968,0.116864,0.507626,0.004788,1.300851,491,80,15
1969,0.107085,0.531281,0.004790,1.300852,509,67,21
1970,0.093884,0.563200,0.004793,1.300852,513,58,19
1971,0.081568,0.592983,0.004796,1.300853,533,11,35
1972,0.070912,0.619008,0.004798,1.300854,529,42,11
1973,0.061772,0.643657,0.004801,1.300854,532,37,19
1974,0.058197,0.655779,0.004803,1.300855,510,30,28
1975,0.055914,0.666522,0.004805,1.300855,473,37,22
1976,0.054354,0.677344,0.004808,1.300856,433,2,21
1977,0.053704,0.683668,0.004810,1.300856,353,30,24
1978,0.053167,0.690493,0.004812,1.300857,341,21,6
1979,0.052796,0.696225,0.004815,1.300858,322,24,24
1980,0.052545,0.699819,0.004818,1.300858,317,28,23
1981,0.052458,0.700926,0.004819,1.300859,308,20,29
1982,0.052424,0.701512,0.004822,1.300859,321,23,26
1983,0.052420,0.702058,0.004825,1.300860,281,26,21
1984,0.052425,0.702252,0.004826,1.300860,240,18,11
1985,0.052432,0.702406,0.004828,1.300861,193,21,25
1986,0.052515,0.702940,0.004831,1.300862,159,11,8
1987,0.052598,0.703322,0.004833,1.300862,114,12,29
1988,0.052764,0.703909,0.004836,1.300863,59,6,30
1989,0.052896,0.704285,0.004838,1.300863,16,12,20
1997,0.052088,0.702078,0.004858,1.300868,20,10,19
1998,0.052019,0.701666,0.004860,1.300869,84,12,27
1999,0.051962,0.701203,0.004862,1.300869,167,1,35
2000,0.051946,0.700789,0.004865,1.300870,177,20,19
2001,0.051956,0.700333,0.004868,1.300871,217,19,29
2002,0.051979,0.700001,0.004869,1.300871,253,21,28
2003,0.052055,0.699412,0.004872,1.300872,298,21,27
2004,0.052143,0.698971,0.004875,1.300872,343,21,27
2005,0.052242,0.698578,0.004877,1.300873,394,27,18
2006,0.052423,0.698012,0.004880,1.300874,418,22,26
2007,0.052621,0.697505,0.004882,1.300874,484,17,21
2008,0.052891,0.696903,0.004884,1.300875,503,18,21
2009,0.053183,0.696309,0.004886,1.300875,569,10,29
2010,0.053676,0.695409,0.004889,1.300876,602,15,21
2011,0.053924,0.695025,0.004891,1.300876,636,10,21
2015,0.051990,0.698446,0.004901,1.300879,609,14,19
2016,0.051647,0.699314,0.004903,1.300879,586,13,23
2017,0.051449,0.699883,0.004905,1.300880,515,14,28
2018,0.051246,0.700603,0.004908,1.300881,470,19,21
2019,0.051115,0.701230,0.004911,1.300881,469,12,33
2020,0.051029,0.701824,0.004913,1.300882,467,16,30
2021,0.050981,0.702358,0.004915,1.300882,353,20,27
2022,0.050958,0.702869,0.004917,1.300883,306,19,28
2023,0.050961,0.703256,0.004920,1.300883,267,22,24
2024,0.050983,0.703633,0.004922,1.300884,224,22,25
2025,0.051048,0.704116,0.004925,1.300885,219,13,22
2026,0.051157,0.704665,0.004928,1.300885,126,10,20
2027,0.051251,0.705031,0.004929,1.300886,88,12,8
2028,0.051376,0.705434,0.004932,1.300886,43,6,29
2029,0.051534,0.705863,0.004934,1.300887,27,14,11
2036,0.050836,0.704152,0.004950,1.300891,4,6,20
2037,0.050685,0.703463,0.004953,1.300892,55,1,35
2038,0.050616,0.703010,0.004955,1.300892,81,9,28
2039,0.050558,0.702372,0.004958,1.300893,122,15,21
2040,0.050547,0.702018,0.004961,1.300893,178,22,22
2041,0.050563,0.701649,0.004963,1.300894,214,16,20
2042,0.050601,0.701197,0.004965,1.300895,273,20,27
2043,0.050662,0.700778,0.004967,1.300895,322,29,18
2044,0.050769,0.700254,0.004970,1.300896,351,21,29
2045,0.050881,0.699839,0.004972,1.300896,402,20,27
2046,0.051060,0.699304,0.004975,1.300897,429,20,27
2047,0.051284,0.698740,0.004978,1.300898,484,13,30
2048,0.051749,0.697732,0.004980,1.300898,523,11,29
2049,0.052119,0.697024,0.004982,1.300899,578,12,24
2050,0.051774,0.697664,0.004984,1.300899,622,12,23
2051,0.051076,0.699003,0.004986,1.300900,638,9,21
2052,0.050283,0.700685,0.004989,1.300900,620,9,23
2053,0.049593,0.702349,0.004992,1.300901,607,15,20
2054,0.049222,0.703362,0.004994,1.300902,547,9,31
2055,0.049019,0.703998,0.004996,1.300902,516,12,28
2056,0.048864,0.704615,0.004999,1.300903,464,12,30
2057,0.048755,0.705193,0.005001,1.300903,458,16,30
2058,0.048674,0.705800,0.005004,1.300904,385,19,7
2059,0.048632,0.706428,0.005007,1.300905,345,19,27
2060,0.048629,0.706755,0.005008,1.300905,311,19,27
2061,0.048651,0.707324,0.005011,1.300906,244,23,25
2062,0.048702,0.707824,0.005013,1.300906,216,18,16
2063,0.048774,0.708274,0.005015,1.300907,161,11,30
2064,0.048867,0.708710,0.005018,1.300908,134,11,28
2065,0.049008,0.709221,0.005020,1.300908,87,19,16
2066,0.049145,0.709627,0.005022,1.300909,42,8,25
2071,0.048706,0.708438,0.005034,1.300912,3,9,15
2072,0.048568,0.707844,0.005037,1.300912,37,9,19
2073,0.048468,0.707231,0.005039,1.300913,70,10,24
2074,0.048417,0.706719,0.005042,1.300913,130,11,28
2075,0.048395,0.706092,0.005045,1.300914,192,21,22
2076,0.048412,0.705446,0.005047,1.300915,210,18,18
2077,0.048453,0.705011,0.005049,1.300915,266,20,26
2078,0.048517,0.704590,0.005051,1.300916,317,29,19
2079,0.048619,0.704107,0.005054,1.300917,310,26,22
2080,0.048739,0.703673,0.005056,1.300917,446,13,28
2081,0.048860,0.703306,0.005058,1.300918,443,20,11
2082,0.049010,0.702915,0.005060,1.300918,488,24,18
2083,0.049000,0.702936,0.005063,1.300919,521,23,18
2084,0.048169,0.704800,0.005065,1.300919,586,16,20
2085,0.047358,0.706743,0.005068,1.300920,580,2,32
2086,0.047007,0.707675,0.005070,1.300921,551,13,24
2087,0.046793,0.708361,0.005073,1.300921,512,10,30
2088,0.046660,0.708893,0.005075,1.300922,483,9,31
2089,0.046565,0.709387,0.005077,1.300922,417,17,27
2090,0.046486,0.710008,0.005080,1.300923,372,26,21
2091,0.046456,0.710449,0.005083,1.300924,326,27,19
2092,0.046449,0.710907,0.005085,1.300924,293,14,14
2093,0.046467,0.711402,0.005087,1.300925,257,24,22
2094,0.046530,0.712006,0.005090,1.300926,224,16,28
2095,0.046593,0.712397,0.005092,1.300926,164,14,27
2096,0.046675,0.712785,0.005094,1.300926,125,9,31
2097,0.046835,0.713366,0.005097,1.300927,63,10,24
2098,0.046955,0.713723,0.005099,1.300928,33,2,29
2099,0.047214,0.714354,0.005102,1.300928,6,8,17
